filename, circle, cross, heptagon, hexagon, octagon, pentagon, quartercircle, rectangle, semicircle, square, star, trapezoid, triangle
270rectangle_rad_50_jpg.rf.d8cb2e97f51001739f9e250b82eec5af.jpg, 0, 0, 0, 0, 0, 0, 0, 1, 0, 0, 0, 0, 0
135trapezoid_rad_30_jpg.rf.cfdc844471c790910d3b7dc2521ef317.jpg, 0, 0, 0, 0, 0, 0, 0, 0, 0, 0, 0, 1, 0
180semicircle_rad_30_jpg.rf.d4bae55fadaf466b67d6ebd6647b214f.jpg, 0, 0, 0, 0, 0, 0, 0, 0, 1, 0, 0, 0, 0
trapezoid_rad_200_jpg.rf.cb30863a474e4ec4fb5636e83baef08e.jpg, 0, 0, 0, 0, 0, 0, 0, 0, 0, 0, 0, 1, 0
135square_rad_50_jpg.rf.d7fde9eaaaedc0d4fe75f2b28d87a90b.jpg, 0, 0, 0, 0, 0, 0, 0, 0, 0, 1, 0, 0, 0
180trapezoid_rad_150_jpg.rf.d5d3beb7daad91adcd961cb6bfe02163.jpg, 0, 0, 0, 0, 0, 0, 0, 0, 0, 0, 0, 1, 0
90star_rad_150_jpg.rf.c267cdbe78e0f100525a1ddcc7d6bd66.jpg, 0, 0, 0, 0, 0, 0, 0, 0, 0, 0, 1, 0, 0
90circle_rad_150_jpg.rf.d5d358e840a64577c50babe1e2cccb14.jpg, 1, 0, 0, 0, 0, 0, 0, 0, 0, 0, 0, 0, 0
45octogon_rad_50_jpg.rf.d63b7aa49a8db41a215065e2104e950d.jpg, 0, 0, 0, 0, 1, 0, 0, 0, 0, 0, 0, 0, 0
45square_rad_100_jpg.rf.d06952e860e765b4b638ef9e5a13a341.jpg, 0, 0, 0, 0, 0, 0, 0, 0, 0, 1, 0, 0, 0
45hexagon_rad_30_jpg.rf.cc492a8dec938d8836bc06258f9b78ee.jpg, 0, 0, 0, 1, 0, 0, 0, 0, 0, 0, 0, 0, 0
45quartercircle_rad_50_jpg.rf.c18b5dbb6ed2ed8f4a87e4574b6e663b.jpg, 0, 0, 0, 0, 0, 0, 1, 0, 0, 0, 0, 0, 0
315semicircle_rad_50_jpg.rf.d435f021da1593e4cc7670e8ad1b4ad8.jpg, 0, 0, 0, 0, 0, 0, 0, 0, 1, 0, 0, 0, 0
semicircle_rad_150_jpg.rf.d3a4204c8ecbe9eb10c2cfb5d5865bf5.jpg, 0, 0, 0, 0, 0, 0, 0, 0, 1, 0, 0, 0, 0
45hexagon_rad_50_jpg.rf.ca1067079b8a10fc0646047f9b14aef6.jpg, 0, 0, 0, 1, 0, 0, 0, 0, 0, 0, 0, 0, 0
45circle_rad_150_jpg.rf.c48128625d27d88db953b982d071012e.jpg, 1, 0, 0, 0, 0, 0, 0, 0, 0, 0, 0, 0, 0
star_rad_100_jpg.rf.cc55211dabe79b3704e3b1f0456bc568.jpg, 0, 0, 0, 0, 0, 0, 0, 0, 0, 0, 1, 0, 0
315semicircle_rad_30_jpg.rf.cb52933b8000ef88c90306b70b924518.jpg, 0, 0, 0, 0, 0, 0, 0, 0, 1, 0, 0, 0, 0
225trapezoid_rad_100_jpg.rf.c3d6fa2fe51eb774a22e925c00d18d1b.jpg, 0, 0, 0, 0, 0, 0, 0, 0, 0, 0, 0, 1, 0
45pentagon_rad_30_jpg.rf.dbb483eba7e75be2cac7b548bd486329.jpg, 0, 0, 0, 0, 0, 1, 0, 0, 0, 0, 0, 0, 0
135circle_rad_100_jpg.rf.dce21ce4cfff4410f335b921f2be404d.jpg, 1, 0, 0, 0, 0, 0, 0, 0, 0, 0, 0, 0, 0
180rectangle_rad_100_jpg.rf.c9240d0c8aef351c9680d73f58b0cf72.jpg, 0, 0, 0, 0, 0, 0, 0, 1, 0, 0, 0, 0, 0
315pentagon_rad_200_jpg.rf.df7ba0153987096eca975b0d6d17a0ce.jpg, 0, 0, 0, 0, 0, 1, 0, 0, 0, 0, 0, 0, 0
135rectangle_rad_100_jpg.rf.bef6bab2cd1079448c13d717ddf35d32.jpg, 0, 0, 0, 0, 0, 0, 0, 1, 0, 0, 0, 0, 0
270triangle_rad_200_jpg.rf.ddd8d2003ccb7932be894e1c7a7272f9.jpg, 0, 0, 0, 0, 0, 0, 0, 0, 0, 0, 0, 0, 1
triangle_rad_50_jpg.rf.d916bb13bcd1d898f4b19476a4c07e93.jpg, 0, 0, 0, 0, 0, 0, 0, 0, 0, 0, 0, 0, 1
180octogon_rad_150_jpg.rf.c733c5f5d9ff7927b7317ea015fafd19.jpg, 0, 0, 0, 0, 1, 0, 0, 0, 0, 0, 0, 0, 0
45heptagon_rad_150_jpg.rf.e070599adb607bc78fd60e44be4f316c.jpg, 0, 0, 1, 0, 0, 0, 0, 0, 0, 0, 0, 0, 0
315square_rad_100_jpg.rf.d0c22535bc6624e23e5dff34e9680217.jpg, 0, 0, 0, 0, 0, 0, 0, 0, 0, 1, 0, 0, 0
315heptagon_rad_100_jpg.rf.e007428fe15471519b8a1e09cdc456ef.jpg, 0, 0, 1, 0, 0, 0, 0, 0, 0, 0, 0, 0, 0
270triangle_rad_30_jpg.rf.e0b3c546e8ab70d22e7536015f92bf39.jpg, 0, 0, 0, 0, 0, 0, 0, 0, 0, 0, 0, 0, 1
hexagon_rad_30_jpg.rf.e2391fe1abac4b8ddb82e1c159837366.jpg, 0, 0, 0, 1, 0, 0, 0, 0, 0, 0, 0, 0, 0
star_rad_50_jpg.rf.d9b83ac23401826b392e569901f044ac.jpg, 0, 0, 0, 0, 0, 0, 0, 0, 0, 0, 1, 0, 0
90hexagon_rad_50_jpg.rf.e32eb9e08416d69416cba4d8187a3112.jpg, 0, 0, 0, 1, 0, 0, 0, 0, 0, 0, 0, 0, 0
180star_rad_150_jpg.rf.e2d8ca790f0554b7cde63feb5ba21b7a.jpg, 0, 0, 0, 0, 0, 0, 0, 0, 0, 0, 1, 0, 0
225circle_rad_150_jpg.rf.e41a459c14c7ded47a8253ccfbf3c874.jpg, 1, 0, 0, 0, 0, 0, 0, 0, 0, 0, 0, 0, 0
octogon_rad_100_jpg.rf.c13c3fcbc0b6729f18deb21afc86d735.jpg, 0, 0, 0, 0, 1, 0, 0, 0, 0, 0, 0, 0, 0
45pentagon_rad_200_jpg.rf.e0987e288f01fbe26993fa20c728d8bf.jpg, 0, 0, 0, 0, 0, 1, 0, 0, 0, 0, 0, 0, 0
135semicircle_rad_30_jpg.rf.dd1e24f7559a10a48a1f3f1d5c9634c7.jpg, 0, 0, 0, 0, 0, 0, 0, 0, 1, 0, 0, 0, 0
270cross_rad_200_jpg.rf.e44328d4edab9df7427b681a845336e5.jpg, 0, 1, 0, 0, 0, 0, 0, 0, 0, 0, 0, 0, 0
heptagon_rad_150_jpg.rf.def5e2a13fe5892df100737a32e5cf0f.jpg, 0, 0, 1, 0, 0, 0, 0, 0, 0, 0, 0, 0, 0
square_rad_100_jpg.rf.e0acbaa5b2d152e2e1577f24a012c441.jpg, 0, 0, 0, 0, 0, 0, 0, 0, 0, 1, 0, 0, 0
octogon_rad_30_jpg.rf.e3e3f2b3ad9e1d9d516da0ffa239a977.jpg, 0, 0, 0, 0, 1, 0, 0, 0, 0, 0, 0, 0, 0
45trapezoid_rad_100_jpg.rf.e8837f02ec89eda77cfbdeb0411a0e26.jpg, 0, 0, 0, 0, 0, 0, 0, 0, 0, 0, 0, 1, 0
45octogon_rad_100_jpg.rf.dff9c5fee8065b41a0d9591ddf5d21ba.jpg, 0, 0, 0, 0, 1, 0, 0, 0, 0, 0, 0, 0, 0
135circle_rad_30_jpg.rf.ea0655f67a3c1893e53c9f6d0c49ad70.jpg, 1, 0, 0, 0, 0, 0, 0, 0, 0, 0, 0, 0, 0
180hexagon_rad_30_jpg.rf.ea423df852aca0099f6903509dc91152.jpg, 0, 0, 0, 1, 0, 0, 0, 0, 0, 0, 0, 0, 0
45semicircle_rad_30_jpg.rf.eb4ec6e9dfa6f16a473cc690bfac9983.jpg, 0, 0, 0, 0, 0, 0, 0, 0, 1, 0, 0, 0, 0
180heptagon_rad_50_jpg.rf.eb632c9b6ece38efc686c0ed46e0fc09.jpg, 0, 0, 1, 0, 0, 0, 0, 0, 0, 0, 0, 0, 0
trapezoid_rad_150_jpg.rf.f1d28e315cabc2a32edf790d3589ae40.jpg, 0, 0, 0, 0, 0, 0, 0, 0, 0, 0, 0, 1, 0
315circle_rad_200_jpg.rf.f287e0cc12beb3b4bb3ffbf2eb5d1f85.jpg, 1, 0, 0, 0, 0, 0, 0, 0, 0, 0, 0, 0, 0
180circle_rad_150_jpg.rf.d83c60f233bb2eebd9935205910d8bfa.jpg, 1, 0, 0, 0, 0, 0, 0, 0, 0, 0, 0, 0, 0
225hexagon_rad_30_jpg.rf.ed3ca5cc59ce8f6d50ee27546905b9ed.jpg, 0, 0, 0, 1, 0, 0, 0, 0, 0, 0, 0, 0, 0
270rectangle_rad_100_jpg.rf.ef56b591cc73821307760ffc906f388d.jpg, 0, 0, 0, 0, 0, 0, 0, 1, 0, 0, 0, 0, 0
triangle_rad_100_jpg.rf.f6511ce579a204897c1d6967d0363847.jpg, 0, 0, 0, 0, 0, 0, 0, 0, 0, 0, 0, 0, 1
270quartercircle_rad_150_jpg.rf.f43312ce2b71b6263a5cf91de000bb99.jpg, 0, 0, 0, 0, 0, 0, 1, 0, 0, 0, 0, 0, 0
135triangle_rad_30_jpg.rf.f3cdf19d5bf46a78d0d4bb30de3d0b39.jpg, 0, 0, 0, 0, 0, 0, 0, 0, 0, 0, 0, 0, 1
225trapezoid_rad_30_jpg.rf.f7714ec76fb2a2c4f0b142ff4bc129e1.jpg, 0, 0, 0, 0, 0, 0, 0, 0, 0, 0, 0, 1, 0
270square_rad_150_jpg.rf.ff2908401bf2528c37d3fa4c37ea2b97.jpg, 0, 0, 0, 0, 0, 0, 0, 0, 0, 1, 0, 0, 0
225rectangle_rad_150_jpg.rf.fd536a14f5d8362b916f01c36e10b712.jpg, 0, 0, 0, 0, 0, 0, 0, 1, 0, 0, 0, 0, 0
45triangle_rad_200_jpg.rf.f05ce7d440887c8eafe9c0735709b433.jpg, 0, 0, 0, 0, 0, 0, 0, 0, 0, 0, 0, 0, 1
180octogon_rad_200_jpg.rf.ed1a05a858651af64daa37397c63af5f.jpg, 0, 0, 0, 0, 1, 0, 0, 0, 0, 0, 0, 0, 0
cross_rad_150_jpg.rf.fe11532ab884d7d2746c913e8e651552.jpg, 0, 1, 0, 0, 0, 0, 0, 0, 0, 0, 0, 0, 0
45triangle_rad_50_jpg.rf.ffd6825d1127fc948e000fd31c626b0a.jpg, 0, 0, 0, 0, 0, 0, 0, 0, 0, 0, 0, 0, 1
225triangle_rad_30_jpg.rf.ffe167e4a0fd3640b6656f492af26866.jpg, 0, 0, 0, 0, 0, 0, 0, 0, 0, 0, 0, 0, 1
180cross_rad_50_jpg.rf.f7f7afa0ff20e2b61ba2cd1ec688c666.jpg, 0, 1, 0, 0, 0, 0, 0, 0, 0, 0, 0, 0, 0
270semicircle_rad_200_jpg.rf.0ce219dca6f4648e915e7aaa6aa9ca4d.jpg, 0, 0, 0, 0, 0, 0, 0, 0, 1, 0, 0, 0, 0
90cross_rad_200_jpg.rf.0618003a8eba5868a77fef9c0d75c4ff.jpg, 0, 1, 0, 0, 0, 0, 0, 0, 0, 0, 0, 0, 0
90star_rad_200_jpg.rf.106e7dfb02e54534991a297b59f7fa29.jpg, 0, 0, 0, 0, 0, 0, 0, 0, 0, 0, 1, 0, 0
225octogon_rad_150_jpg.rf.02d59c63d7adf6efce123d9b7278b787.jpg, 0, 0, 0, 0, 1, 0, 0, 0, 0, 0, 0, 0, 0
trapezoid_rad_100_jpg.rf.0c3ff9b23174357c5df0743c23617a09.jpg, 0, 0, 0, 0, 0, 0, 0, 0, 0, 0, 0, 1, 0
90rectangle_rad_150_jpg.rf.0b39ba252bcf3ff6f524de806679ee3c.jpg, 0, 0, 0, 0, 0, 0, 0, 1, 0, 0, 0, 0, 0
135trapezoid_rad_150_jpg.rf.0d02e05ecb74c71e21f1237161313faa.jpg, 0, 0, 0, 0, 0, 0, 0, 0, 0, 0, 0, 1, 0
315heptagon_rad_200_jpg.rf.0a78f37819ff7bec930b18cae523316a.jpg, 0, 0, 1, 0, 0, 0, 0, 0, 0, 0, 0, 0, 0
heptagon_rad_30_jpg.rf.089bf07ba8e92d05eb5916cc70ba71a9.jpg, 0, 0, 1, 0, 0, 0, 0, 0, 0, 0, 0, 0, 0
90triangle_rad_50_jpg.rf.08b07d485776d32cacf6898f83671c04.jpg, 0, 0, 0, 0, 0, 0, 0, 0, 0, 0, 0, 0, 1
135octogon_rad_100_jpg.rf.05b184a46042a5bbb7b45bb9e4acbe61.jpg, 0, 0, 0, 0, 1, 0, 0, 0, 0, 0, 0, 0, 0
45star_rad_50_jpg.rf.02ae380d8b11f119b6bd989bdb121649.jpg, 0, 0, 0, 0, 0, 0, 0, 0, 0, 0, 1, 0, 0
90star_rad_100_jpg.rf.00325cc0debc6f2d5c1a1e0024fcf233.jpg, 0, 0, 0, 0, 0, 0, 0, 0, 0, 0, 1, 0, 0
90hexagon_rad_30_jpg.rf.0b718fe39cffa5bc12f831a0a4797cb9.jpg, 0, 0, 0, 1, 0, 0, 0, 0, 0, 0, 0, 0, 0
star_rad_30_jpg.rf.0b6146ccdcacd2fc442d7e8f816b1513.jpg, 0, 0, 0, 0, 0, 0, 0, 0, 0, 0, 1, 0, 0
135triangle_rad_50_jpg.rf.0704670c1b0fa7753f8c8c09592f6da6.jpg, 0, 0, 0, 0, 0, 0, 0, 0, 0, 0, 0, 0, 1
315cross_rad_100_jpg.rf.0a38c143a86619634e77783784a98e6c.jpg, 0, 1, 0, 0, 0, 0, 0, 0, 0, 0, 0, 0, 0
octogon_rad_50_jpg.rf.0d5b651d7b5eb95936e8421173de7978.jpg, 0, 0, 0, 0, 1, 0, 0, 0, 0, 0, 0, 0, 0
270triangle_rad_150_jpg.rf.0388c282cb8c824bd5fcc93445aee0cc.jpg, 0, 0, 0, 0, 0, 0, 0, 0, 0, 0, 0, 0, 1
circle_rad_100_jpg.rf.0a273e99eb6b82350649df3095991e99.jpg, 1, 0, 0, 0, 0, 0, 0, 0, 0, 0, 0, 0, 0
225star_rad_50_jpg.rf.0a0852270f0b90286dbc85a4e87df771.jpg, 0, 0, 0, 0, 0, 0, 0, 0, 0, 0, 1, 0, 0
315triangle_rad_150_jpg.rf.14247df17d2a4488fd07ab3afb8a294e.jpg, 0, 0, 0, 0, 0, 0, 0, 0, 0, 0, 0, 0, 1
135hexagon_rad_150_jpg.rf.110c1f9704214b719e63a8b5402c60ee.jpg, 0, 0, 0, 1, 0, 0, 0, 0, 0, 0, 0, 0, 0
135star_rad_100_jpg.rf.120edcb120c2a9711b063d71cb0fe482.jpg, 0, 0, 0, 0, 0, 0, 0, 0, 0, 0, 1, 0, 0
180pentagon_rad_30_jpg.rf.14e66c08c7be398919fb25af0e430c0d.jpg, 0, 0, 0, 0, 0, 1, 0, 0, 0, 0, 0, 0, 0
45triangle_rad_150_jpg.rf.127d5dcc349f086a71859faf20e60d3c.jpg, 0, 0, 0, 0, 0, 0, 0, 0, 0, 0, 0, 0, 1
225star_rad_150_jpg.rf.14826c319d2c4fc2c0ae7fc2550cc1fd.jpg, 0, 0, 0, 0, 0, 0, 0, 0, 0, 0, 1, 0, 0
90pentagon_rad_30_jpg.rf.0609d24646ed0d872702b99a55a7bdc7.jpg, 0, 0, 0, 0, 0, 1, 0, 0, 0, 0, 0, 0, 0
315cross_rad_200_jpg.rf.173676f899bc0fdd2be8f797c8dba726.jpg, 0, 1, 0, 0, 0, 0, 0, 0, 0, 0, 0, 0, 0
135cross_rad_30_jpg.rf.17be05a724055abe1df93b8f24929a80.jpg, 0, 1, 0, 0, 0, 0, 0, 0, 0, 0, 0, 0, 0
90quartercircle_rad_50_jpg.rf.16082f4bb1f6c0a3d2fce666d45f861a.jpg, 0, 0, 0, 0, 0, 0, 1, 0, 0, 0, 0, 0, 0
45trapezoid_rad_150_jpg.rf.14c19298daff99b26b2cf7e4619e3524.jpg, 0, 0, 0, 0, 0, 0, 0, 0, 0, 0, 0, 1, 0
cross_rad_30_jpg.rf.1916efb32903fce47fe9432c25964d97.jpg, 0, 1, 0, 0, 0, 0, 0, 0, 0, 0, 0, 0, 0
225quartercircle_rad_200_jpg.rf.19733f879848db7c421ae7fc8d8c1179.jpg, 0, 0, 0, 0, 0, 0, 1, 0, 0, 0, 0, 0, 0
225semicircle_rad_30_jpg.rf.1952d0e13a0ff5ee03f0d7d49049426a.jpg, 0, 0, 0, 0, 0, 0, 0, 0, 1, 0, 0, 0, 0
135heptagon_rad_30_jpg.rf.1ae0c087954b54436b166264a282bd56.jpg, 0, 0, 1, 0, 0, 0, 0, 0, 0, 0, 0, 0, 0
225star_rad_100_jpg.rf.1992c290a82b85092954ac86b94c16eb.jpg, 0, 0, 0, 0, 0, 0, 0, 0, 0, 0, 1, 0, 0
pentagon_rad_50_jpg.rf.19ce1ad1cf5246af40bf1810cbd2821b.jpg, 0, 0, 0, 0, 0, 1, 0, 0, 0, 0, 0, 0, 0
270trapezoid_rad_100_jpg.rf.126f02b705990da687e86d014566b9a8.jpg, 0, 0, 0, 0, 0, 0, 0, 0, 0, 0, 0, 1, 0
180star_rad_100_jpg.rf.1d813ddbb7b8f38e72d4e0867d22454d.jpg, 0, 0, 0, 0, 0, 0, 0, 0, 0, 0, 1, 0, 0
180trapezoid_rad_50_jpg.rf.1b732b7625f5617b3d6583bbf1a73a8d.jpg, 0, 0, 0, 0, 0, 0, 0, 0, 0, 0, 0, 1, 0
315star_rad_30_jpg.rf.1f945b973f124d4bc176c3649c640b60.jpg, 0, 0, 0, 0, 0, 0, 0, 0, 0, 0, 1, 0, 0
45heptagon_rad_50_jpg.rf.1bce2d4091a770e4b7f00be19e2cd53f.jpg, 0, 0, 1, 0, 0, 0, 0, 0, 0, 0, 0, 0, 0
90semicircle_rad_50_jpg.rf.1ff316adec9327d3c202c69610f526e3.jpg, 0, 0, 0, 0, 0, 0, 0, 0, 1, 0, 0, 0, 0
quartercircle_rad_200_jpg.rf.1b22716078f2c66498a23aaf76b79a7f.jpg, 0, 0, 0, 0, 0, 0, 1, 0, 0, 0, 0, 0, 0
135hexagon_rad_30_jpg.rf.20b844ce52d186cc4956bb3bd25ad28e.jpg, 0, 0, 0, 1, 0, 0, 0, 0, 0, 0, 0, 0, 0
90heptagon_rad_200_jpg.rf.1bd6c8cc18c8bac886ef8ad45bd2e361.jpg, 0, 0, 1, 0, 0, 0, 0, 0, 0, 0, 0, 0, 0
315semicircle_rad_150_jpg.rf.2056a0ed824195c2c65df8b38397167d.jpg, 0, 0, 0, 0, 0, 0, 0, 0, 1, 0, 0, 0, 0
180pentagon_rad_200_jpg.rf.2162c201cd1977aa7eeb7ad5e0606b95.jpg, 0, 0, 0, 0, 0, 1, 0, 0, 0, 0, 0, 0, 0
45star_rad_200_jpg.rf.2171aad600ee8281d52670e13891992e.jpg, 0, 0, 0, 0, 0, 0, 0, 0, 0, 0, 1, 0, 0
135semicircle_rad_100_jpg.rf.0e55598473b1262513aea60812442f35.jpg, 0, 0, 0, 0, 0, 0, 0, 0, 1, 0, 0, 0, 0
270rectangle_rad_30_jpg.rf.22d9ce5b84dfc059565b726bf9d9e0ed.jpg, 0, 0, 0, 0, 0, 0, 0, 1, 0, 0, 0, 0, 0
270cross_rad_50_jpg.rf.21ca429ec203e741b98f48b94537176c.jpg, 0, 1, 0, 0, 0, 0, 0, 0, 0, 0, 0, 0, 0
45trapezoid_rad_30_jpg.rf.2270cfd9c408aec7dc6b4c57726c2233.jpg, 0, 0, 0, 0, 0, 0, 0, 0, 0, 0, 0, 1, 0
135triangle_rad_200_jpg.rf.1de0319c92d070ec9178df28654bb31f.jpg, 0, 0, 0, 0, 0, 0, 0, 0, 0, 0, 0, 0, 1
180heptagon_rad_30_jpg.rf.23b0a432cb4673cf5bc50ab292184fcb.jpg, 0, 0, 1, 0, 0, 0, 0, 0, 0, 0, 0, 0, 0
45semicircle_rad_200_jpg.rf.23e2ff3e5f541b8fe4bdf62754a37c83.jpg, 0, 0, 0, 0, 0, 0, 1, 0, 0, 0, 0, 0, 0
135square_rad_150_jpg.rf.2430d200a63a8ce9cd54091eb839d0e1.jpg, 0, 0, 0, 0, 0, 0, 0, 0, 0, 1, 0, 0, 0
225cross_rad_100_jpg.rf.25e5a448a6a27f37c0d8da89e89007b7.jpg, 0, 1, 0, 0, 0, 0, 0, 0, 0, 0, 0, 0, 0
270triangle_rad_100_jpg.rf.23dab160d22cdf0fe399a75e4728b23c.jpg, 0, 0, 0, 0, 0, 0, 0, 0, 0, 0, 0, 0, 1
315trapezoid_rad_50_jpg.rf.2856b9058db053be08d40d22007f0bbc.jpg, 0, 0, 0, 0, 0, 0, 0, 0, 0, 0, 0, 1, 0
cross_rad_100_jpg.rf.287118d8eff763e7753f565c542c3eff.jpg, 0, 1, 0, 0, 0, 0, 0, 0, 0, 0, 0, 0, 0
180quartercircle_rad_200_jpg.rf.277da0e9eba6f5cc7ccab207b2b7e64f.jpg, 0, 0, 0, 0, 0, 0, 1, 0, 0, 0, 0, 0, 0
135square_rad_100_jpg.rf.275e53bee657cbcf44c0ac038985f348.jpg, 0, 0, 0, 0, 0, 0, 0, 0, 0, 1, 0, 0, 0
315rectangle_rad_30_jpg.rf.2880206ca207356bde5aa5a1f900a98c.jpg, 0, 0, 0, 0, 0, 0, 0, 1, 0, 0, 0, 0, 0
315trapezoid_rad_100_jpg.rf.29215072ff0efb89e17436b7c71e3b86.jpg, 0, 0, 0, 0, 0, 0, 0, 0, 0, 0, 0, 1, 0
180square_rad_100_jpg.rf.289e142546585dee9a543f7f575cded7.jpg, 0, 0, 0, 0, 0, 0, 0, 0, 0, 1, 0, 0, 0
135semicircle_rad_150_jpg.rf.28a41b6ccc168ab49cebba455d495762.jpg, 0, 0, 0, 0, 0, 0, 0, 0, 1, 0, 0, 0, 0
90semicircle_rad_150_jpg.rf.28d62cc7181563ba4506338a150899f2.jpg, 0, 0, 0, 0, 0, 0, 0, 0, 0, 0, 1, 0, 0
315trapezoid_rad_200_jpg.rf.2a0618995039e81a15f7e45345f0000d.jpg, 0, 0, 0, 0, 0, 0, 0, 0, 0, 0, 0, 1, 0
135pentagon_rad_100_jpg.rf.29ece70c28ef7103dbf3c747ca6d47aa.jpg, 0, 0, 0, 0, 0, 1, 0, 0, 0, 0, 0, 0, 0
180quartercircle_rad_100_jpg.rf.2c4c3abc1b78014b20ca6deeb0067fb6.jpg, 0, 0, 0, 0, 0, 0, 1, 0, 0, 0, 0, 0, 0
45pentagon_rad_50_jpg.rf.27b9526951027ecbb172b41c8ea4382b.jpg, 0, 0, 0, 0, 0, 1, 0, 0, 0, 0, 0, 0, 0
315hexagon_rad_30_jpg.rf.2c724e6b5a4dda555aed8584d77dd27c.jpg, 0, 0, 0, 1, 0, 0, 0, 0, 0, 0, 0, 0, 0
135hexagon_rad_50_jpg.rf.2ec384bce66e740e27ad0342b11c3365.jpg, 0, 0, 0, 1, 0, 0, 0, 0, 0, 0, 0, 0, 0
270pentagon_rad_150_jpg.rf.3245e267065d215396330cc8ae23a5fa.jpg, 0, 0, 0, 0, 0, 1, 0, 0, 0, 0, 0, 0, 0
90trapezoid_rad_200_jpg.rf.28f841db20dd7da39ee029c09989f284.jpg, 0, 0, 0, 0, 0, 0, 0, 0, 0, 0, 0, 1, 0
octogon_rad_150_jpg.rf.355328091598ed6d0249977891d25575.jpg, 0, 0, 0, 0, 1, 0, 0, 0, 0, 0, 0, 0, 0
90cross_rad_150_jpg.rf.2b42936003fb922555f2b6eac150ec19.jpg, 0, 1, 0, 0, 0, 0, 0, 0, 0, 0, 0, 0, 0
315triangle_rad_100_jpg.rf.2f038b8d2b93e1c7329074d18c27e898.jpg, 0, 0, 0, 0, 0, 0, 0, 0, 0, 0, 0, 0, 1
45rectangle_rad_30_jpg.rf.33501148130339221c4808e17074501f.jpg, 0, 0, 0, 0, 0, 0, 0, 1, 0, 0, 0, 0, 0
triangle_rad_200_jpg.rf.358bb954ec97428715f2c0688c4e3381.jpg, 0, 0, 0, 0, 0, 0, 0, 0, 0, 0, 0, 0, 1
90heptagon_rad_50_jpg.rf.397e216bacdcff97209ffddfb99c94b0.jpg, 0, 0, 1, 0, 0, 0, 0, 0, 0, 0, 0, 0, 0
semicircle_rad_100_jpg.rf.2df940004d589925c3404cb2a04cb9cb.jpg, 0, 0, 0, 0, 0, 0, 0, 0, 1, 0, 0, 0, 0
180cross_rad_100_jpg.rf.394a844be7667a4f52e24d1e2c1dcf82.jpg, 0, 1, 0, 0, 0, 0, 0, 0, 0, 0, 0, 0, 0
90quartercircle_rad_30_jpg.rf.3853f9bddb9954d9e2b840dc369e377f.jpg, 0, 0, 0, 0, 0, 0, 1, 0, 0, 0, 0, 0, 0
90circle_rad_30_jpg.rf.3a3ef8ff968145c317ce65e04bd1fb68.jpg, 1, 0, 0, 0, 0, 0, 0, 0, 0, 0, 0, 0, 0
225triangle_rad_200_jpg.rf.3b68f362ddd47ab420507d7795df0410.jpg, 0, 0, 0, 0, 0, 0, 0, 0, 0, 0, 0, 0, 1
90cross_rad_100_jpg.rf.3c66f0d0932ad8b666dd4400a466da55.jpg, 0, 1, 0, 0, 0, 0, 0, 0, 0, 0, 0, 0, 0
135cross_rad_50_jpg.rf.384399af444bef461c0831f5f307c565.jpg, 0, 1, 0, 0, 0, 0, 0, 0, 0, 0, 0, 0, 0
225trapezoid_rad_200_jpg.rf.32567f4215f872d03165ea9818d95ab2.jpg, 0, 0, 0, 0, 0, 0, 0, 0, 0, 0, 0, 1, 0
45heptagon_rad_30_jpg.rf.388a8a30f91f0bf2f8bcfd5ed0bf764b.jpg, 0, 0, 1, 0, 0, 0, 0, 0, 0, 0, 0, 0, 0
45star_rad_100_jpg.rf.3dbbbcff5ffdbf088f75c186f7b500d5.jpg, 0, 0, 0, 0, 0, 0, 0, 0, 0, 0, 1, 0, 0
90pentagon_rad_150_jpg.rf.402a741c496903110141492b963f3a34.jpg, 0, 0, 0, 0, 0, 1, 0, 0, 0, 0, 0, 0, 0
90hexagon_rad_200_jpg.rf.399ba042ec868dc1a92d234e694abc11.jpg, 0, 0, 0, 1, 0, 0, 0, 0, 0, 0, 0, 0, 0
270pentagon_rad_30_jpg.rf.467ae345910822c850f9960d27fef0e2.jpg, 0, 0, 0, 0, 0, 1, 0, 0, 0, 0, 0, 0, 0
180star_rad_50_jpg.rf.40c538598e80cce9664a91ba86715655.jpg, 0, 0, 0, 0, 0, 0, 0, 0, 0, 0, 1, 0, 0
135pentagon_rad_30_jpg.rf.447f0e886b70fe45867963c50a09b0d2.jpg, 0, 0, 0, 0, 0, 1, 0, 0, 0, 0, 0, 0, 0
square_rad_50_jpg.rf.4406797709e7316d19704eb8067c2fd6.jpg, 0, 0, 0, 0, 0, 0, 0, 0, 0, 1, 0, 0, 0
135star_rad_200_jpg.rf.40b123bbbf820d96f614d6d1bc226d32.jpg, 0, 0, 0, 0, 0, 0, 0, 0, 0, 0, 1, 0, 0
180heptagon_rad_200_jpg.rf.4824271e6a77785836b817a0d3ed120e.jpg, 0, 0, 1, 0, 0, 0, 0, 0, 0, 0, 0, 0, 0
270rectangle_rad_200_jpg.rf.4ac60cdc8413e4ab483e16df477fcab4.jpg, 0, 0, 0, 0, 0, 0, 0, 1, 0, 0, 0, 0, 0
hexagon_rad_100_jpg.rf.47a9dc3508dfac4f6f67c9d0718672ff.jpg, 0, 0, 0, 1, 0, 0, 0, 0, 0, 0, 0, 0, 0
270circle_rad_100_jpg.rf.45f72ee8d92021e65e5a3c1c5a981880.jpg, 1, 0, 0, 0, 0, 0, 0, 0, 0, 0, 0, 0, 0
315heptagon_rad_50_jpg.rf.4a1cf55b4754c568160ae8ca11192341.jpg, 0, 0, 1, 0, 0, 0, 0, 0, 0, 0, 0, 0, 0
180rectangle_rad_50_jpg.rf.44452ad4848f26011bf1549b0d2483b7.jpg, 0, 0, 0, 0, 0, 0, 0, 1, 0, 0, 0, 0, 0
180square_rad_30_jpg.rf.4b3c367c9124608e6b9110847ab5b55e.jpg, 0, 0, 0, 0, 0, 0, 0, 0, 0, 1, 0, 0, 0
180circle_rad_100_jpg.rf.40b2f6c70aab75711e73fced61dd9c37.jpg, 1, 0, 0, 0, 0, 0, 0, 0, 0, 0, 0, 0, 0
225triangle_rad_50_jpg.rf.4c277f61aafb7d18fd674addcce02b9a.jpg, 0, 0, 0, 0, 0, 0, 0, 0, 0, 0, 0, 0, 1
225heptagon_rad_100_jpg.rf.51390270da132da87800e9ca0425aeff.jpg, 0, 0, 1, 0, 0, 0, 0, 0, 0, 0, 0, 0, 0
225rectangle_rad_100_jpg.rf.518c48786dc492c988dbe04f46280b9e.jpg, 0, 0, 0, 0, 0, 0, 0, 1, 0, 0, 0, 0, 0
180circle_rad_30_jpg.rf.4efe0982cc114551fd641bf63bd1c257.jpg, 1, 0, 0, 0, 0, 0, 0, 0, 0, 0, 0, 0, 0
135trapezoid_rad_50_jpg.rf.467f89faa57f832e854f3f65e9b944d6.jpg, 0, 0, 0, 0, 0, 0, 0, 0, 0, 0, 0, 1, 0
270cross_rad_30_jpg.rf.505e0ef163f17168da03eec012b2d1d6.jpg, 0, 1, 0, 0, 0, 0, 0, 0, 0, 0, 0, 0, 0
135heptagon_rad_150_jpg.rf.528769bd00c22455e1a1343555dea98c.jpg, 0, 0, 1, 0, 0, 0, 0, 0, 0, 0, 0, 0, 0
180trapezoid_rad_30_jpg.rf.51d49fff8c0d462de4845bd5ff5c5abe.jpg, 0, 0, 0, 0, 0, 0, 0, 0, 0, 0, 0, 1, 0
180triangle_rad_150_jpg.rf.54c7b488bd1e6655b1f10818cd5734a4.jpg, 0, 0, 0, 0, 0, 0, 0, 0, 0, 0, 0, 0, 1
270trapezoid_rad_150_jpg.rf.535cad2f5b0135cff320dc2379a0d418.jpg, 0, 0, 0, 0, 0, 0, 0, 0, 0, 0, 0, 1, 0
225quartercircle_rad_30_jpg.rf.5586eb6b777c03d4f5c0a4161cdc1b45.jpg, 0, 0, 0, 0, 0, 0, 1, 0, 0, 0, 0, 0, 0
quartercircle_rad_30_jpg.rf.54bc67f92b4c7276c81976053ff8c0fd.jpg, 0, 0, 0, 0, 0, 0, 1, 0, 0, 0, 0, 0, 0
315quartercircle_rad_100_jpg.rf.55661deb20d3238814eec2b2ee03f1b3.jpg, 0, 0, 0, 0, 0, 0, 1, 0, 0, 0, 0, 0, 0
225cross_rad_50_jpg.rf.52b3c137285eac09b24a0c255f427cb6.jpg, 0, 1, 0, 0, 0, 0, 0, 0, 0, 0, 0, 0, 0
trapezoid_rad_50_jpg.rf.55acb6eabf72bdea3d2b0093eb7f8196.jpg, 0, 0, 0, 0, 0, 0, 0, 0, 0, 0, 0, 1, 0
315cross_rad_50_jpg.rf.5775194f834c756f0a09731a94e3847a.jpg, 0, 1, 0, 0, 0, 0, 0, 0, 0, 0, 0, 0, 0
315quartercircle_rad_200_jpg.rf.5688d9634bee4626646a7c7fd114ed2e.jpg, 0, 0, 0, 0, 0, 0, 1, 0, 0, 0, 0, 0, 0
225rectangle_rad_50_jpg.rf.57b900c8f1187c84a0e42d5134e49272.jpg, 0, 0, 0, 0, 0, 0, 0, 1, 0, 0, 0, 0, 0
225square_rad_30_jpg.rf.5789e72f98bc4f8421313e307e617ed4.jpg, 0, 0, 0, 0, 0, 0, 0, 0, 0, 1, 0, 0, 0
180hexagon_rad_200_jpg.rf.59f4ff1679ca084e188b764da02e5c40.jpg, 0, 0, 0, 1, 0, 0, 0, 0, 0, 0, 0, 0, 0
quartercircle_rad_50_jpg.rf.5c70321bbf74dc6b12beb70b53b0d486.jpg, 0, 0, 0, 0, 0, 0, 1, 0, 0, 0, 0, 0, 0
90triangle_rad_200_jpg.rf.5a5df20bd5632b3a7c98182045d057df.jpg, 0, 0, 0, 0, 0, 0, 0, 0, 0, 0, 0, 0, 1
trapezoid_rad_30_jpg.rf.5a45279577e29c083d3e1509ff4c132f.jpg, 0, 0, 0, 0, 0, 0, 0, 0, 0, 0, 0, 1, 0
225hexagon_rad_200_jpg.rf.5a83de74d6a3608e8bbcf7da1beac5f1.jpg, 0, 0, 0, 1, 0, 0, 0, 0, 0, 0, 0, 0, 0
180triangle_rad_30_jpg.rf.5c04c2966a2c4a8d4d4a9f62aa1225a2.jpg, 0, 0, 0, 0, 0, 0, 0, 0, 0, 0, 0, 0, 1
135cross_rad_200_jpg.rf.5abe600806ab829b2b98e1b2f1e03dbf.jpg, 0, 1, 0, 0, 0, 0, 0, 0, 0, 0, 0, 0, 0
rectangle_rad_150_jpg.rf.590c3da5f150dd9d93fa5d9e62752b11.jpg, 0, 0, 0, 0, 0, 0, 0, 1, 0, 0, 0, 0, 0
315heptagon_rad_150_jpg.rf.5da928f6431710ad9d7b7dfc07cdd5e1.jpg, 0, 0, 1, 0, 0, 0, 0, 0, 0, 0, 0, 0, 0
45rectangle_rad_150_jpg.rf.5e027c18d068ce93f6d52e632e440ea7.jpg, 0, 0, 0, 0, 0, 0, 0, 1, 0, 0, 0, 0, 0
225trapezoid_rad_50_jpg.rf.602affbcbddabbcc8427b19fc6f64965.jpg, 0, 0, 0, 0, 0, 0, 0, 0, 0, 0, 0, 1, 0
90octogon_rad_50_jpg.rf.5d7c856e5015288204deccba86c862d6.jpg, 0, 0, 0, 0, 1, 0, 0, 0, 0, 0, 0, 0, 0
135trapezoid_rad_100_jpg.rf.60c18abcbf8e678f8d52dc1c6ef46745.jpg, 0, 0, 0, 0, 0, 0, 0, 0, 0, 0, 0, 1, 0
225cross_rad_200_jpg.rf.60521540eeacb437858c22caeeebb4bd.jpg, 0, 1, 0, 0, 0, 0, 0, 0, 0, 0, 0, 0, 0
135cross_rad_150_jpg.rf.6106601734c62e664c86350fa0b83f55.jpg, 0, 1, 0, 0, 0, 0, 0, 0, 0, 0, 0, 0, 0
135circle_rad_200_jpg.rf.6108583ad067562ce26fe5dd347c4ca5.jpg, 1, 0, 0, 0, 0, 0, 0, 0, 0, 0, 0, 0, 0
180circle_rad_200_jpg.rf.6112a7b05f60f5c25c0bb3b4e83dbda2.jpg, 1, 0, 0, 0, 0, 0, 0, 0, 0, 0, 0, 0, 0
180trapezoid_rad_100_jpg.rf.5f1def123a8d47bc4918403c27239f94.jpg, 0, 0, 0, 0, 0, 0, 0, 0, 0, 0, 0, 1, 0
180cross_rad_150_jpg.rf.5c8065e3172d5a3c083bfecd867ffdc1.jpg, 0, 1, 0, 0, 0, 0, 0, 0, 0, 0, 0, 0, 0
270circle_rad_30_jpg.rf.5921eb9a9cffbd5724ea9716df4f8255.jpg, 1, 0, 0, 0, 0, 0, 0, 0, 0, 0, 0, 0, 0
135rectangle_rad_30_jpg.rf.614bb856253c5e0b8e1c7f9e1c638983.jpg, 0, 0, 0, 0, 0, 0, 0, 1, 0, 0, 0, 0, 0
315quartercircle_rad_50_jpg.rf.622457f54a0f9688eaf37938fee310b0.jpg, 0, 0, 0, 0, 0, 0, 1, 0, 0, 0, 0, 0, 0
225semicircle_rad_50_jpg.rf.618de5a008961d1106732b6d2620d622.jpg, 0, 0, 0, 0, 0, 0, 0, 0, 1, 0, 0, 0, 0
180triangle_rad_50_jpg.rf.647acb70d4280b40da63624e69aa1b8c.jpg, 0, 0, 0, 0, 0, 0, 0, 0, 0, 0, 0, 0, 1
90rectangle_rad_50_jpg.rf.611c79ee9709ceffbb5491b38e8fada9.jpg, 0, 0, 0, 0, 0, 0, 0, 1, 0, 0, 0, 0, 0
135square_rad_30_jpg.rf.61195d33da7096bd614cf518ceabf0e3.jpg, 0, 0, 0, 0, 0, 0, 0, 0, 0, 1, 0, 0, 0
135octogon_rad_200_jpg.rf.626baa84092a7182950c5809761806ca.jpg, 0, 0, 0, 0, 1, 0, 0, 0, 0, 0, 0, 0, 0
135octogon_rad_150_jpg.rf.61bfbcb31cf834c1941327361a1bf076.jpg, 0, 0, 0, 0, 1, 0, 0, 0, 0, 0, 0, 0, 0
225circle_rad_100_jpg.rf.64fa24b57db93c87219e328f76fe6af5.jpg, 1, 0, 0, 0, 0, 0, 0, 0, 0, 0, 0, 0, 0
270hexagon_rad_100_jpg.rf.63277c5c3a62104caec6b0ac42ceff5e.jpg, 0, 0, 0, 1, 0, 0, 0, 0, 0, 0, 0, 0, 0
270semicircle_rad_150_jpg.rf.6488b5d37993e999f29e329b1d1b714c.jpg, 0, 0, 0, 0, 0, 0, 0, 0, 1, 0, 0, 0, 0
180rectangle_rad_150_jpg.rf.673e665e2799d047fc19264a2904e93d.jpg, 0, 0, 0, 0, 0, 0, 0, 1, 0, 0, 0, 0, 0
270heptagon_rad_100_jpg.rf.689d4049545b162f79d0c62bbd234c49.jpg, 0, 0, 1, 0, 0, 0, 0, 0, 0, 0, 0, 0, 0
45trapezoid_rad_200_jpg.rf.685253c0d567f3e530afbaa9d1873290.jpg, 0, 0, 0, 0, 0, 0, 0, 0, 0, 0, 0, 1, 0
270pentagon_rad_200_jpg.rf.656adbb8635678d14fe002f2ec10bd21.jpg, 0, 0, 0, 0, 0, 1, 0, 0, 0, 0, 0, 0, 0
225pentagon_rad_30_jpg.rf.6991a76f9e5e3e3caee13efbea2c6f0b.jpg, 0, 0, 0, 0, 0, 1, 0, 0, 0, 0, 0, 0, 0
225semicircle_rad_150_jpg.rf.6d50607c1887a4d90665d9fe5ada2756.jpg, 0, 0, 0, 0, 0, 0, 0, 0, 1, 0, 0, 0, 0
180octogon_rad_100_jpg.rf.6a047070bf027ca7b15261f721730fc0.jpg, 0, 0, 1, 0, 0, 0, 0, 0, 0, 0, 0, 0, 0
180circle_rad_50_jpg.rf.6627bd29052e84a3d3e28daeda15c5da.jpg, 1, 0, 0, 0, 0, 0, 0, 0, 0, 0, 0, 0, 0
315quartercircle_rad_30_jpg.rf.702b3f530876239d23ceb829c0e3d7f1.jpg, 0, 0, 0, 0, 0, 0, 1, 0, 0, 0, 0, 0, 0
45quartercircle_rad_150_jpg.rf.6e4e0af1a3343fce0e7aeb42aa872246.jpg, 0, 0, 0, 0, 0, 0, 1, 0, 0, 0, 0, 0, 0
45hexagon_rad_100_jpg.rf.6f9025d84e3e03d8826b3273872f5aca.jpg, 0, 0, 0, 1, 0, 0, 0, 0, 0, 0, 0, 0, 0
135quartercircle_rad_150_jpg.rf.706d770a990867c5e391c4c7265c4657.jpg, 0, 0, 0, 0, 0, 0, 1, 0, 0, 0, 0, 0, 0
270cross_rad_100_jpg.rf.724405f21226a678104d42e674db9948.jpg, 0, 1, 0, 0, 0, 0, 0, 0, 0, 0, 0, 0, 0
180trapezoid_rad_200_jpg.rf.71095d84633f9209e29b68f2010b7950.jpg, 0, 0, 0, 0, 0, 0, 0, 0, 0, 0, 0, 1, 0
rectangle_rad_100_jpg.rf.75e7bdb340ce78eb6672fc9cc306acbb.jpg, 0, 0, 0, 0, 0, 0, 0, 1, 0, 0, 0, 0, 0
225octogon_rad_200_jpg.rf.75d8765e2077440a183621cac4f75555.jpg, 0, 0, 0, 0, 1, 0, 0, 0, 0, 0, 0, 0, 0
225hexagon_rad_100_jpg.rf.706acd9e77c0d6c0bcd89c56d88ac5f8.jpg, 0, 0, 0, 1, 0, 0, 0, 0, 0, 0, 0, 0, 0
315rectangle_rad_50_jpg.rf.728ce7de1e1c2bd68104a096095ea3f9.jpg, 0, 0, 0, 0, 0, 0, 0, 1, 0, 0, 0, 0, 0
45cross_rad_100_jpg.rf.78d040d14ef350b0ad63f961dccb682d.jpg, 0, 1, 0, 0, 0, 0, 0, 0, 0, 0, 0, 0, 0
135circle_rad_150_jpg.rf.778585810745996754aa0778adf4f820.jpg, 1, 0, 0, 0, 0, 0, 0, 0, 0, 0, 0, 0, 0
135octogon_rad_50_jpg.rf.7a66b5c428b9dcb142162fea20679b3f.jpg, 0, 0, 0, 0, 1, 0, 0, 0, 0, 0, 0, 0, 0
45heptagon_rad_200_jpg.rf.75dfd83062fb8f27a3bed72f6ab7e78d.jpg, 0, 0, 1, 0, 0, 0, 0, 0, 0, 0, 0, 0, 0
225trapezoid_rad_150_jpg.rf.7b7ce23ce20f25b916927e7e64f7e87f.jpg, 0, 0, 0, 0, 0, 0, 0, 0, 0, 0, 0, 1, 0
135heptagon_rad_50_jpg.rf.82541aecbf782d4683fc6b12821724bf.jpg, 0, 0, 1, 0, 0, 0, 0, 0, 0, 0, 0, 0, 0
270cross_rad_150_jpg.rf.7ad05c4602bcff26e55622f1329a83eb.jpg, 0, 1, 0, 0, 0, 0, 0, 0, 0, 0, 0, 0, 0
45rectangle_rad_50_jpg.rf.7e2871f25f8d7d5501f964ce2aef81ea.jpg, 0, 0, 0, 0, 0, 0, 0, 1, 0, 0, 0, 0, 0
315rectangle_rad_150_jpg.rf.7cba897e3acde37ccc5ac116e17fccfb.jpg, 0, 0, 0, 0, 0, 0, 0, 1, 0, 0, 0, 0, 0
45heptagon_rad_100_jpg.rf.7cb59a15c619d991c08c399ae49ee41e.jpg, 0, 0, 1, 0, 0, 0, 0, 0, 0, 0, 0, 0, 0
90circle_rad_200_jpg.rf.80a29362d1ce3bdddbd1c8431a3cd94a.jpg, 1, 0, 0, 0, 0, 0, 0, 0, 0, 0, 0, 0, 0
135square_rad_200_jpg.rf.7dee56c3881c7cf60f4fb4c96bf3d837.jpg, 0, 0, 0, 0, 0, 0, 0, 0, 0, 1, 0, 0, 0
225quartercircle_rad_50_jpg.rf.82e8d12c6619e5bc11003d4c3aeed2f0.jpg, 0, 0, 0, 0, 0, 0, 1, 0, 0, 0, 0, 0, 0
45quartercircle_rad_100_jpg.rf.80ab3c78e6947298832d401daaa8ec01.jpg, 0, 0, 0, 0, 0, 0, 1, 0, 0, 0, 0, 0, 0
45circle_rad_200_jpg.rf.898bb9a6c35a316040f8ef35535b222c.jpg, 1, 0, 0, 0, 0, 0, 0, 0, 0, 0, 0, 0, 0
135trapezoid_rad_200_jpg.rf.8952b2795bca71ce45e3c920cafcd4ef.jpg, 0, 0, 0, 0, 0, 0, 0, 0, 0, 0, 0, 1, 0
star_rad_150_jpg.rf.8520b5eb448bdd09b97d7f935bae8352.jpg, 0, 0, 0, 0, 0, 0, 0, 0, 0, 0, 1, 0, 0
270star_rad_30_jpg.rf.7baf2d03d70f805c11ae59fef61ee2ab.jpg, 0, 0, 0, 0, 0, 0, 0, 0, 0, 0, 1, 0, 0
rectangle_rad_30_jpg.rf.8255a4d22a17b488e138b1644318f74d.jpg, 0, 0, 0, 0, 0, 0, 0, 1, 0, 0, 0, 0, 0
180rectangle_rad_30_jpg.rf.81302e94415b4b4fe9fc81c8e6c74057.jpg, 0, 0, 0, 0, 0, 0, 0, 1, 0, 0, 0, 0, 0
90trapezoid_rad_50_jpg.rf.8c6e18509cbad2a2ba5328fe7062f451.jpg, 0, 0, 0, 0, 0, 0, 0, 0, 0, 0, 0, 1, 0
90semicircle_rad_200_jpg.rf.8ec28179325167f5ceb26b32c91ed987.jpg, 0, 0, 0, 0, 0, 0, 0, 0, 1, 0, 0, 0, 0
225octogon_rad_30_jpg.rf.867611575b06534c3edc1bc4a093817c.jpg, 0, 0, 0, 0, 1, 0, 0, 0, 0, 0, 0, 0, 0
135pentagon_rad_150_jpg.rf.84d7fa14e2c164ba88137b3e9fac5164.jpg, 0, 0, 0, 0, 0, 1, 0, 0, 0, 0, 0, 0, 0
225circle_rad_200_jpg.rf.9116ecf2cb809a3fb41501d69f6cd9e3.jpg, 1, 0, 0, 0, 0, 0, 0, 0, 0, 0, 0, 0, 0
135rectangle_rad_200_jpg.rf.910e48b7e3bc81e3ce687c11aa0f9267.jpg, 0, 0, 0, 0, 0, 0, 0, 1, 0, 0, 0, 0, 0
135rectangle_rad_50_jpg.rf.8c368451fdf0de8e9a5ab4aed3a659da.jpg, 0, 0, 0, 0, 0, 0, 0, 1, 0, 0, 0, 0, 0
45trapezoid_rad_50_jpg.rf.9a7c279d508f2fb7e301d363656c7f54.jpg, 0, 0, 0, 0, 0, 0, 0, 0, 0, 0, 0, 1, 0
180heptagon_rad_150_jpg.rf.8a07814f8fb994061d0121ad6e03b181.jpg, 0, 0, 1, 0, 0, 0, 0, 0, 0, 0, 0, 0, 0
315quartercircle_rad_150_jpg.rf.92e26ddb22fe5a0d18bf29757663efe1.jpg, 0, 0, 0, 0, 0, 0, 1, 0, 0, 0, 0, 0, 0
45rectangle_rad_200_jpg.rf.9710183e4b124b8260f36b217c5180f2.jpg, 0, 0, 0, 0, 0, 0, 0, 1, 0, 0, 0, 0, 0
135pentagon_rad_50_jpg.rf.9ee0083932713ebbd5b173c684459911.jpg, 0, 0, 0, 0, 0, 1, 0, 0, 0, 0, 0, 0, 0
180square_rad_200_jpg.rf.98d6e5ef4d32becf54972bf88d25b113.jpg, 0, 0, 0, 0, 0, 0, 0, 0, 0, 1, 0, 0, 0
semicircle_rad_30_jpg.rf.9d8bd00f046dc3f47213d214bfd13a04.jpg, 0, 0, 0, 0, 0, 0, 0, 0, 1, 0, 0, 0, 0
90square_rad_150_jpg.rf.93c1788be3c2a8f3faa1f4fca479e37d.jpg, 0, 0, 0, 0, 0, 0, 0, 0, 0, 1, 0, 0, 0
180octogon_rad_30_jpg.rf.9db8ad18df31612223014d7022165d29.jpg, 0, 0, 0, 0, 1, 0, 0, 0, 0, 0, 0, 0, 0
180hexagon_rad_100_jpg.rf.93bcfbb46ed452dccb62f5f02196eec1.jpg, 0, 0, 0, 1, 0, 0, 0, 0, 0, 0, 0, 0, 0
270heptagon_rad_200_jpg.rf.9aea1c2779530a626055960de7188a25.jpg, 0, 0, 1, 0, 0, 0, 0, 0, 0, 0, 0, 0, 0
90trapezoid_rad_30_jpg.rf.a11362f0a8bac3bd4cba962e6c35bec4.jpg, 0, 0, 0, 0, 0, 0, 0, 0, 0, 0, 0, 1, 0
315pentagon_rad_30_jpg.rf.a74e844a7ed41d2f5eea368c2b3dfcfb.jpg, 0, 0, 0, 0, 0, 1, 0, 0, 0, 0, 0, 0, 0
315hexagon_rad_100_jpg.rf.a0474f0db09b03640b396a5b752f960a.jpg, 0, 0, 0, 1, 0, 0, 0, 0, 0, 0, 0, 0, 0
270trapezoid_rad_30_jpg.rf.a4c75a5908ef18d09e3d98ae002aa7b4.jpg, 0, 0, 0, 0, 0, 0, 0, 0, 0, 0, 0, 1, 0
180star_rad_200_jpg.rf.a21f796b906b3cd5a82e97e2cfc601d3.jpg, 0, 0, 0, 0, 0, 0, 0, 0, 0, 0, 1, 0, 0
225heptagon_rad_150_jpg.rf.a6ccea47f621e027c0b9f0459885bc00.jpg, 0, 0, 1, 0, 0, 0, 0, 0, 0, 0, 0, 0, 0
90triangle_rad_30_jpg.rf.a7d2d2079dee83cddc02d4f0664fd5b0.jpg, 0, 0, 0, 0, 0, 0, 0, 0, 0, 0, 0, 0, 1
135quartercircle_rad_200_jpg.rf.a20bbe36faaab5901b0ac4663910f39c.jpg, 0, 0, 0, 0, 0, 0, 1, 0, 0, 0, 0, 0, 0
rectangle_rad_50_jpg.rf.a8e2417c09a0146c2fb47d0897af1d46.jpg, 0, 0, 0, 0, 0, 0, 0, 1, 0, 0, 0, 0, 0
90trapezoid_rad_100_jpg.rf.92bd08a140493375e449cb55fb701882.jpg, 0, 0, 0, 0, 0, 0, 0, 0, 0, 0, 0, 1, 0
cross_rad_200_jpg.rf.ad0a02716c6362d8057e9405f6174298.jpg, 0, 1, 0, 0, 0, 0, 0, 0, 0, 0, 0, 0, 0
225quartercircle_rad_100_jpg.rf.a79aad77712563f926dea9d046a864c8.jpg, 0, 0, 0, 0, 0, 0, 1, 0, 0, 0, 0, 0, 0
90cross_rad_30_jpg.rf.a950c6d008fdabccc65888b72a301dd9.jpg, 0, 1, 0, 0, 0, 0, 0, 0, 0, 0, 0, 0, 0
90triangle_rad_100_jpg.rf.9f1996017a3a5c8b342ef7b4b2d2e631.jpg, 0, 0, 0, 0, 0, 0, 0, 0, 0, 0, 0, 0, 1
pentagon_rad_100_jpg.rf.af44019466069072b5c0712f881d85a8.jpg, 0, 0, 0, 0, 0, 1, 0, 0, 0, 0, 0, 0, 0
315trapezoid_rad_150_jpg.rf.ac5ed178a29bc7af4b14e0b7f2ec67df.jpg, 0, 0, 0, 0, 0, 0, 0, 0, 0, 0, 0, 1, 0
180star_rad_30_jpg.rf.b0cb9b04461660856bbcd0fc2620d7e4.jpg, 0, 0, 0, 0, 0, 0, 0, 0, 0, 0, 1, 0, 0
270semicircle_rad_50_jpg.rf.aa4ad32d030d8d64f7420e24e365241b.jpg, 0, 0, 0, 0, 0, 0, 0, 0, 1, 0, 0, 0, 0
315circle_rad_150_jpg.rf.b320034c56a3c0ff9651db9ce206f4f7.jpg, 1, 0, 0, 0, 0, 0, 0, 0, 0, 0, 0, 0, 0
heptagon_rad_100_jpg.rf.aff0f0d4b2de0b188544ae1b8c0edea7.jpg, 0, 0, 1, 0, 0, 0, 0, 0, 0, 0, 0, 0, 0
45triangle_rad_30_jpg.rf.b0700dc5b8a72cf6f74db489672ce92b.jpg, 0, 0, 0, 0, 0, 0, 0, 0, 0, 0, 0, 0, 1
180semicircle_rad_150_jpg.rf.b4f3f40c8190fa39768edd7263e04125.jpg, 0, 0, 0, 0, 0, 0, 0, 0, 1, 0, 0, 0, 0
315cross_rad_150_jpg.rf.ba6c6620664ef406b92ed940a49994ed.jpg, 0, 1, 0, 0, 0, 0, 0, 0, 0, 0, 0, 0, 0
315square_rad_150_jpg.rf.b871c951feb737823728d8076d38fb26.jpg, 0, 0, 0, 0, 0, 0, 0, 0, 0, 1, 0, 0, 0
45hexagon_rad_150_jpg.rf.b9759e79a031c14f7a73626113c4f3fd.jpg, 0, 0, 0, 1, 0, 0, 0, 0, 0, 0, 0, 0, 0
45square_rad_30_jpg.rf.b3b62bcb2242f308c5c1f34cfb5b158b.jpg, 0, 0, 0, 0, 0, 0, 0, 0, 0, 1, 0, 0, 0
180pentagon_rad_150_jpg.rf.b81dd3519443b1b602586b990864d063.jpg, 0, 0, 0, 0, 0, 1, 0, 0, 0, 0, 0, 0, 0
rectangle_rad_200_jpg.rf.bbf477d2b9121c779a69310e062e05fd.jpg, 0, 0, 0, 0, 0, 0, 0, 1, 0, 0, 0, 0, 0
90quartercircle_rad_200_jpg.rf.ba2dd91076e1e97be6f562f0676b252f.jpg, 0, 0, 0, 0, 0, 0, 1, 0, 0, 0, 0, 0, 0
315hexagon_rad_50_jpg.rf.bae0ff71260774e8541f710b49887ad6.jpg, 0, 0, 0, 1, 0, 0, 0, 0, 0, 0, 0, 0, 0
315square_rad_200_jpg.rf.bc13b35437a3d9e08f3802275a56d600.jpg, 0, 0, 0, 0, 0, 0, 0, 0, 0, 1, 0, 0, 0
315octogon_rad_30_jpg.rf.bcbe39704404fcaf9cf995f2685e96f1.jpg, 0, 0, 0, 0, 1, 0, 0, 0, 0, 0, 0, 0, 0
180semicircle_rad_50_jpg.rf.bdd9c3a7b6b38d56c5bf18b185d7dc47.jpg, 0, 0, 0, 0, 0, 0, 0, 0, 1, 0, 0, 0, 0
135quartercircle_rad_100_jpg.rf.bdd6782bff4323b64d3708c92914ae97.jpg, 0, 0, 0, 0, 0, 0, 1, 0, 0, 0, 0, 0, 0